﻿{
  "fields": [
    {
      "name": "id",
      "type": "Edm.String",
      "searchable": true,
      "filterable": true,
      "retrievable": true,
      "sortable": true,
      "facetable": false,
      "key": true
    },
    {
      "name": "metadata",
      "type": "Edm.String",
      "searchable": false,
      "filterable": false,
      "retrievable": true,
      "sortable": false,
      "facetable": false
    },
    {
      "name": "text",
      "type": "Edm.String",
      "searchable": true,
      "filterable": false,
      "retrievable": true,
      "sortable": false,
      "facetable": false
    },
    {
      "name": "entities",
      "type": "Collection(Edm.String)",
      "searchable": false,
      "filterable": true,
      "retrievable": true,
      "sortable": false,
      "facetable": true
    },
    {
      "name": "terms",
      "type": "Collection(Edm.String)",
      "searchable": false,
      "filterable": true,
      "retrievable": true,
      "sortable": false,
      "facetable": true
    },
    {
      "name": "file",
      "type": "Edm.String",
      "searchable": false,
      "filterable": false,
      "retrievable": true,
      "sortable": false,
      "facetable": false
    }
  ]
}